CREATE DATABASE org;
show DATABASES;
USE org;

CREATE TABLE WORKER(
		WORKER_ID INT NOT NULL PRIMARY KEY AUTO_INCREMENT,
        FIRST_NAME CHAR(50),
        LAST_NAME CHAR(50),
        SALARY double,
        JOINING_DATE DATETIME,
        DEPARTMENT CHAR(50)

);
SHOW TABLES;
SELECT * FROM WORKER;

INSERT INTO WORKER(WORKER_ID,FIRST_NAME,LAST_NAME,SALARY,JOINING_DATE,DEPARTMENT)VALUES 
	(001, 'NARENDRA5', 'MODI', 500000, '2015-2-12', 'PM'),
    (002, 'AMIT', 'SHAHA', 1000000000, '2010-1-11', 'CM'),
    (003, 'RAJ', 'THAKERE', 9999999999, '1970-9-9', 'HOA'),
    (004, 'DEVY', 'FANDYS', 90, '2016-2-28', 'ECM'),
    (005, 'SANTY', 'ANBY', 8765354, '2010-8-30', 'GHARI')
;

INSERT INTO WORKER(WORKER_ID,FIRST_NAME,LAST_NAME,SALARY,JOINING_DATE,DEPARTMENT)VALUES 
	(008, 'KATILAL', 'AJUJI', 43520, '2008-12-4', 'PM'),
    (009, 'JITOSH', 'TOBE', 43520, '2018-11-9', 'HOA');
SELECT * FROM WORKER

CREATE TABLE BONUS(
	WORKER_REF_ID INT,
	BONUS_AMOUNT INT,
    BONUS_DATE DATETIME,
    FOREIGN KEY (WORKER_REF_ID) REFERENCES WORKER(WORKER_ID)ON DELETE CASCADE
);

INSERT INTO BONUS(WORKER_REF_ID,BONUS_AMOUNT,BONUS_DATE)VALUES
(001,200,"2015-4-1"),
(002,300,'2010-6-1'),
(003,500,'1971-5-15'),
(004,1000,"2017-5-2"),
(005,0,null)
;
-- SELECT * FROM BONUS;


CREATE TABLE TITLE(
WORKER_REF_ID INT,
WORKER_TITLE CHAR(25),
AFFECTED_FROM DATETIME,
FOREIGN KEY   (WORKER_REF_ID) REFERENCES WORKER(WORKER_ID)
    ON DELETE CASCADE
);

INSERT INTO TITLE(WORKER_REF_ID,WORKER_TITLE,AFFECTED_FROM)VALUES 
(001,'MANAGER','2015-02-11 '),
(002,'STACKHOLDER','2014-04-1'),
(003,'EMPLOYEE','2016-6-23'),
(004,'EXECATIVE','2020-02-15'),
(005,'ASST.MANEGER','2016-01-01')
;